Temperature,Humidity,CO2,Light
23.7,26.272,749.2,585.2
23.718,26.29,760.4,578.4
23.73,26.23,769.666666666667,572.666666666667
23.7225,26.125,774.75,493.75
23.754,26.2,779,488.6
23.76,26.26,790,568.666666666667
23.73,26.29,798,536.333333333333
23.754,26.29,797,509
23.754,26.35,803.2,476
23.736,26.39,809,510
23.745,26.445,815.25,481.5
23.7,26.56,824,481.8
23.7,26.6,832,475.25
23.7,26.7,845.333333333333,469
23.7,26.774,852.4,464
23.7,26.89,861,464
23.7,26.9725,880,455
23.6,26.89,891,454
23.64,26.976,897.6,458
23.65,27.05,900.5,464
23.64,27.1,908.8,473
23.6,27.16,918,464
23.6,27.236,925.2,498.4
23.6,27.29,929.4,530.2
23.6,27.33,936.4,533.6
23.6,27.34,950,524.25
23.625,27.3925,961,498.666666666667
23.6,27.39,963,516.333333333333
23.6,27.412,958.6,501.2
23.6,27.5,965.333333333333,522
23.6,27.525,979.25,520.5
23.6,27.6,978.428571428571,505.285714285714
23.6,27.6,983,488.333333333333
23.6,27.54,992.6,512
23.6,27.6,997.2,511
23.6166666666667,27.6333333333333,999.5,501.5
23.6666666666667,27.7,1001,503.666666666667
23.6,27.7,1009.5,483.166666666667
23.6,27.7225,1019,483.5
23.6,27.79,1021,473
23.6,27.8566666666667,1024.66666666667,470.333333333333
23.6,27.8042857142857,1030.42857142857,480.142857142857
23.575,27.79,1026.25,464
23.54,27.81,1028,474.4
23.6,27.978,1034.8,470
23.525,28,1055.5,454
23.5,27.978,1055.25,454
23.5,28,1050,454
23.5,28,1051.25,454
23.5,28,1053.6,445
23.5,28,1055.5,439
23.5,28.025,1055,444.25
23.445,28.125,1059.5,454.75
23.39,28.18,1060,455.8
23.39,28.2,1073.6,451.6
23.39,28.2,1078.6,451.6
23.39,28.2,1081,454.75
23.39,28.2225,1082,454.75
23.39,28.3733333333333,1088.83333333333,457.5
23.37,28.39,1090.6,464
23.39,28.3233333333333,1086,464
23.3733333333333,28.445,1092.5,464
23.39,28.5,1103.75,471.5
23.3233333333333,28.5,1104.5,475.666666666667
23.365,28.5,1103.5,471.5
23.29,28.5,1112,467.75
23.3066666666667,28.5333333333333,1105.66666666667,466.5
23.29,28.7,1104,464
23.29,28.7,1117.2,467
23.29,28.675,1121.25,467.75
23.29,28.6166666666667,1115.66666666667,466.5
23.29,28.66,1120,459
23.29,28.55,1123.75,464
23.29,28.6,1116,470
23.272,28.6,1126.8,464
23.2,28.4175,1112.75,464
23.23,28.5,1104.5,449
23.29,28.5,1108,464
23.215,28.6333333333333,1127.83333333333,462.333333333333
23.2,28.6,1128.75,469
23.2,28.65,1124.25,469
23.2,28.62,1130.4,469
23.2,28.7,1138,464
23.2,28.7,1144,456.5
23.2,28.718,1140,457
23.2,28.79,1139.25,450.25
23.2,28.79,1167.33333333333,446
23.14,28.79,1159.6,451.6
23.15,28.89,1157.75,454.75
23.15,28.89,1159.5,448
23.18,28.83,1156.4,444
23.1166666666667,28.945,1160,444
23.14,28.956,1169.8,444
23.1,29,1176.16666666667,444
23.1,29.075,1175.25,444
23.1,28.918,1166.6,444
23.1,27.925,1140.25,444
23.06,27.772,1089.2,444
23.02,27.556,1042.6,435
23.01,27.8188333333333,1051.1,432
23,28.0816666666667,1059.6,429
23,27.956,1064.6,429
22.9816666666667,27.9083333333333,1061.66666666667,429
23,27.9266666666667,1058.33333333333,429
23,28.018,1061.6,429
22.9816666666667,28.0666666666667,1070.33333333333,429
22.945,28.1,1074,429
23,28.1,1086.25,429
22.956,28.2,1089.6,429
22.9725,28.1,1085,429
22.945,28.1333333333333,1085,429
23,28.2,1088,429
22.945,28.2,1091.75,429
23,28.1333333333333,1091.33333333333,429
22.912,28.1,1088.2,429
22.89,28.1,1087.5,429
22.89,27.956,1079.2,432
22.865,27.84,1077.25,432.75
22.8733333333333,27.6833333333333,1064.16666666667,439
22.8733333333333,27.6,1056.4,429
22.89,27.6,1043.6,432.75
22.815,27.445,1039.5,432.75
22.84,27.3733333333333,1028.66666666667,436.5
22.79,27.365,1020.4,438
22.79,27.2,1018,444
22.79,27.1714285714286,1015.14285714286,435.428571428571
22.79,27.0666666666667,1006.33333333333,434
22.79,27.02,1002.6,432
22.772,26.934,993.2,438
22.76,26.8233333333333,983.333333333333,439
22.7,26.754,976.2,432
22.7225,26.7,980.75,432.75
22.7,26.6833333333333,971.333333333333,434
22.7,26.5333333333333,966.666666666667,444
22.7,26.4633333333333,963,444
22.7,26.445,952.333333333333,441.5
22.7,26.34,948,444
22.7,26.26,945,444
22.7,26.2,941.6,441
22.7,26.16,929.8,438
22.7,26.02,923.8,441
22.7,26.1,919,440.25
22.7,26,918.25,439
22.7,25.934,919.4,438
22.7,25.9266666666667,927.333333333333,439
22.7,25.815,920.25,432.75
22.68,25.772,902.4,432
22.64,25.696,904.4,429
22.6,25.575,897,429
22.6666666666667,25.6,892,429
22.6,25.525,882.5,433.5
22.62,25.476,887.2,436.2
22.625,25.55,889.25,442.5
22.6,25.39,889.2,443.4
22.65,25.42,880.75,438
22.6,25.2675,868.75,442.5
22.6,25.218,861,439.8
22.6,25.2,860.6,439.8
22.6,25.2,864,435.5
22.6,25.15,859,430.75
22.6,25.14,854.4,440.6
22.6,25.15,847.4,428.2
22.6,25.04,837.2,432.2
22.6,25.05,834.75,431.75
22.6,25.06,832.4,429.2
22.6,25,832,433
22.6,25,836.25,433
22.6,25,832.6,428.2
22.6,25.025,821.5,428.25
22.6,25.1,832.4,425.4
22.6,25.08,832.4,429.2
22.56,25.02,830.75,433
22.58,25.08,821.5,433
22.575,25.075,818.25,433
22.56,24.912,819.8,433
22.55,25.2,822.5,433
22.6,24.9175,818,433
22.58,25.06,812.8,433
22.5666666666667,24.9083333333333,816.5,433
22.525,24.945,822.25,433
22.54,24.89,825,433
22.5,24.865,816.5,433
22.5,24.9175,811.5,433
22.5,24.9116666666667,811,433
22.56,24.81,812.2,433
22.525,24.89,814.25,426
22.52,24.976,824,430.2
22.575,25.075,834.5,433
22.6,25,837,433
22.6,25.0214285714286,841.166666666667,433
22.6,25.0428571428571,845.333333333333,433
22.6,25.1,854.75,433
22.6,25.1,850.333333333333,428.333333333333
22.6,25.08,845.4,424.6
22.6,25.1666666666667,854.333333333333,433
22.6,25.0666666666667,849.333333333333,428.333333333333
22.6,25.2,853,422.5
22.6,25.2,853,423.666666666667
22.54,25.16,852,424.6
22.54,25.16,853.6,427.4
22.54,25.14,845.6,421.8
22.525,25.1,834.25,426
22.5,25.04,826.4,421.8
22.5,25,819.6,419
22.5,25,829.6,419
22.5,25,824,419
22.5,24.912,814.2,419
22.5,24.89,813.5,419
22.5,24.89,813.8,419
22.5,24.89,811,419
22.478,24.87,804.6,419
22.456,24.83,807.8,419
22.5,24.8566666666667,802.333333333333,419
22.4175,24.7475,796.75,419
22.456,24.81,794.4,419
22.39,24.7,790.6,419
22.4175,24.7225,789.75,419
22.39,24.7,782.2,419
22.39,24.7225,772.25,419
22.39,24.7170833333333,772.925,419
22.39,24.7116666666667,773.6,419
22.39,24.625,773.75,419
22.39,24.754,771.8,416.2
22.39,24.912,782.8,418.6
22.39,25.245,796.5,415
22.39,25.0925,809,310.25
22.39,25,805.5,0
22.35,24.978,791.4,0
22.3233333333333,25,779.333333333333,0
22.365,24.9725,780.75,0
22.315,24.89,781.75,0
22.29,24.9175,781,0
22.29,24.912,778.4,0
22.26,24.8566666666667,769.333333333333,0
22.254,24.85,766.5,0
22.23,24.7933333333333,763.25,0
22.26,24.8233333333333,762.333333333333,0
22.2,24.79,761.5,0
22.2,24.79,761,0
22.2,24.736,757,0
22.2,24.79,752.333333333333,0
22.1333333333333,24.7,748.666666666667,0
22.1,24.7,746.25,0
22.15,24.7225,745.25,0
22.1,24.7,740.666666666667,0
22.1,24.7,738,0
22.1333333333333,24.7,732.666666666667,0
22.1,24.7,727,0
22.1,24.675,716,0
22.0666666666667,24.6666666666667,723.25,0
22.0666666666667,24.6666666666667,718.333333333333,0
22,24.58,716.6,0
21.978,24.6,714,0
21.978,24.56,714.2,0
21.945,24.6,715,0
21.9266666666667,24.5,706.666666666667,0
21.89,24.5,706,0
21.89,24.525,698.75,0
21.89,24.5,692.5,0
21.89,24.5,694.75,0
21.815,24.4175,697.25,0
21.8233333333333,24.4633333333333,692,0
21.79,24.39,691,0
21.79,24.39,689.75,0
21.79,24.39,689,0
21.7675,24.39,687,0
21.7675,24.365,679.75,0
21.754,24.35,668.4,0
21.7,24.29,665.666666666667,0
21.7,24.29,664.75,0
21.7,24.29,668,0
21.7,24.29,661.25,0
21.64,24.236,658.2,0
21.6,24.2,656,0
21.6,24.2,654.8,0
21.6,24.2225,653.75,0
21.5,24.26,650.333333333333,0
21.5,24.2,650.75,0
21.55,24.2,648.25,0
21.5,24.2,640.333333333333,0
21.5,24.2,638,0
21.5,24.2,636.25,0
21.5,24.2,636.333333333333,0
21.5,24.15,635.75,0
21.5,24.175,635.5,0
21.5,24.125,627.5,0
21.5,24.15,626.25,0
21.5,24.125,621.5,0
21.5,24.1,621.75,0
21.5,24.1,620.666666666667,0
21.5,24.1,617,0
21.5,24.1,612.75,0
21.4725,24.075,614.5,0
21.39,24,617.333333333333,0
21.4266666666667,23.9266666666667,614.25,0
21.39,23.9725,610.75,0
21.39,23.9175,603,0
21.39,23.945,603.5,0
21.365,23.89,602,0
21.3233333333333,24,605.666666666667,0
21.34,23.9725,604.5,0
21.315,23.9725,599,0
21.3566666666667,24,600,0
21.39,23.9725,596.5,0
21.315,23.89,597.5,0
21.29,23.945,594,0
21.29,23.9725,590.5,0
21.29,23.89,586.666666666667,0
21.29,23.9266666666667,588,0
21.29,23.89,585.5,0
21.29,23.89,584.5,0
21.254,23.85,587.2,0
21.23,23.8233333333333,585,0
21.218,23.81,579.4,0
21.2,23.79,579.333333333333,0
21.2,23.79,581.6,0
21.2,23.79,581.666666666667,0
21.2,23.79,577.5,0
21.2,23.79,577.333333333333,0
21.2,23.7675,574.25,0
21.2,23.745,569,0
21.2,23.76,565.333333333333,0
21.2,23.7,561.4,0
21.2,23.79,567.333333333333,0
21.175,23.7,565.333333333333,0
21.1666666666667,23.7,563.5,0
21.125,23.675,559,0
21.1,23.65,559.5,0
21.125,23.65,550.5,0
21.1,23.6,553,0
21.1333333333333,23.6,552,0
21.1,23.6,553.25,0
21.1,23.6,545.75,0
21.1,23.6,548,0
21.1,23.6,547,0
21.1,23.575,545.75,0
21.1,23.5333333333333,544,0
21.1,23.4725,545.5,0
21.1,23.4725,547,0
21.1,23.5,545.25,0
21.1,23.5,541.25,0
21.125,23.5,540.75,0
21.1,23.5,533.333333333333,0
21.1333333333333,23.5,528,0
21.1,23.3925,537.75,0
21.1,23.4725,539.5,0
21.1,23.5,535.25,0
21.1,23.5,537.25,0
21.1,23.5,535.25,0
21.1,23.5,533.4,0
21.1,23.5,524.5,0
21.1,23.434,524.8,0
21.1,23.39,522.666666666667,0
21.1,23.39,521,0
21.125,23.39,519.75,0
21.1,23.39,523,0
21.1,23.39,523,0
21.1,23.39,519,0
21.1,23.365,519.5,0
21.1,23.39,519.75,0
21.1,23.365,520,0
21.1,23.33,524.6,0
21.075,23.315,520.25,0
21.075,23.34,519,0
21.1,23.29,523.2,0
21.0333333333333,23.29,517.666666666667,0
21.02,23.29,514.2,0
21.025,23.29,516.5,0
21,23.29,521,0
21,23.29,520,0
21,23.254,517.8,0
21,23.26,514.333333333333,0
21,23.2675,516.75,0
21,23.29,520.75,0
21,23.29,519.333333333333,0
21,23.29,519,0
21,23.29,509.75,0
21,23.29,508.5,0
20.9725,23.29,504.5,0
21,23.29,506.5,0
20.9725,23.29,509,0
20.9633333333333,23.29,507.25,0
21,23.29,509.333333333333,0
20.89,23.2,509.666666666667,0
20.89,23.245,508.25,0
20.89,23.2225,510.25,0
20.89,23.254,504,0
20.89,23.26,499.333333333333,0
20.89,23.2225,495,0
20.89,23.2,496.25,0
20.89,23.2,494.75,0
20.89,23.2,492.5,0
20.89,23.2,494.25,0
20.89,23.2,492.333333333333,0
20.89,23.125,493.75,0
20.89,23.125,484.75,0
20.89,23.1,489.25,0
20.89,23.1,494.5,0
20.89,23.1,495.666666666667,0
20.89,23.1,501.5,0
20.89,23.1,499.666666666667,0
20.89,23.1,492.5,0
20.89,23.1,494.25,0
20.89,23.1,494,0
20.9725,23.1,489.25,0
20.9175,23.1,490,0
20.89,23.1,495.5,0
20.89,23.05,498,0
20.89,23.05,495,0
20.912,23,490.2,0
20.9266666666667,23,492.333333333333,0
20.89,23,491.666666666667,0
20.89,22.956,488,0
20.934,22.934,488,0
20.89,23,485,0
20.89,23,490,0
20.9175,22.9725,489.5,0
20.89,22.945,485.25,0
20.89,22.89,485.666666666667,0
20.9175,22.945,485,0
20.89,22.956,485.2,0
20.945,22.89,484,0
20.89,22.9175,483,0
20.89,22.89,481,0
20.89,22.89,476.5,0
20.89,22.89,475,0
20.89,22.89,476,0
20.89,22.89,478.5,0
20.89,22.89,481,0
20.89,22.89,483,0
20.8566666666667,22.8566666666667,480.25,0
20.89,22.89,480.25,0
20.89,22.865,470.75,0
20.89,22.89,474.75,0
20.89,22.865,482.25,0
20.89,22.89,480.333333333333,0
20.89,22.89,480,0
20.89,22.84,481.5,0
20.89,22.84,483.5,0
20.89,22.79,475.6,0
20.89,22.76,475.333333333333,0
20.89,22.815,477.666666666667,0
20.89,22.79,475.75,0
20.89,22.79,479.166666666667,0
20.865,22.7675,475,0
20.865,22.7675,474,0
20.89,22.79,477.333333333333,0
20.89,22.79,473,0
20.89,22.7675,470,0
20.865,22.675,468.75,0
20.87,22.718,471.4,0
20.89,22.7,471,0
20.89,22.7,468,0
20.85,22.678,468.6,0
20.81,22.62,467.4,0
20.79,22.6,469,0
20.79,22.65,471.25,0
20.8233333333333,22.73,470.666666666667,0
20.79,22.6,466.75,0
20.79,22.64,466.8,0
20.79,22.7,468.75,0
20.79,22.65,467.5,0
20.79,22.6333333333333,469.666666666667,0
20.79,22.7,469.75,0
20.79,22.6,469.75,0
20.79,22.6,467.25,0
20.772,22.6,461.4,0
20.79,22.6,469.25,0
20.79,22.625,468,0
20.73,22.6,469,0
20.79,22.6,467.25,0
20.79,22.6,467.4,0
20.79,22.6,467.666666666667,0
20.745,22.6,471.5,0
20.76,22.6,471.666666666667,0
20.7225,22.6,464.75,0
20.7225,22.6,461.75,0
20.7225,22.6,458.5,0
20.745,22.55,459.5,0
20.7225,22.55,460.5,0
20.76,22.5666666666667,465.333333333333,0
20.7225,22.5,465,0
20.7225,22.5,459,0
20.7675,22.5,463,0
20.745,22.5,460.75,0
20.7,22.5,461.5,0
20.7,22.5,466,0
20.7675,22.5,460.25,0
20.718,22.52,457.4,0
20.7,22.5,464.6,0
20.73,22.5,464.333333333333,0
20.7,22.5,459.333333333333,0
20.7,22.5,459.75,0
20.7225,22.5,459.25,0
20.7,22.5,463,0
20.7225,22.445,461.5,0
20.7,22.5,454.5,0
20.7,22.5,458.333333333333,0
20.718,22.5,463,0
20.7,22.5,463.75,0
20.7,22.456,460.6,0
20.7,22.5,455.25,0
20.7,22.5,455.666666666667,0
20.7,22.5,456.25,0
20.7,22.4266666666667,459.666666666667,0
20.7,22.5,462,0
20.7225,22.4725,460.25,0
20.718,22.434,462,0
20.73,22.39,461,0
20.7,22.39,461.666666666667,0
20.745,22.39,460.25,0
20.7225,22.365,456.25,0
20.745,22.39,457.5,0
20.772,22.37,455.8,0
20.76,22.39,455,0
20.7675,22.365,451.25,0
20.745,22.39,453.75,0
20.736,22.39,456.2,0
20.73,22.3566666666667,453.666666666667,0
20.7,22.34,452.75,0
20.76,22.3566666666667,454,0
20.745,22.39,452.5,0
20.73,22.39,456,0
20.745,22.34,451.5,0
20.7,22.37,449.8,0
20.7,22.365,449.25,0
20.7,22.365,452.25,0
20.7225,22.34,451.25,0
20.7,22.34,453,0
20.7,22.39,453.25,0
20.7,22.315,456.666666666667,0
20.7,22.29,455.75,0
20.7,22.365,458,0
20.7,22.34,458.75,0
20.7,22.29,455.5,0
20.7,22.29,455,0
20.7,22.29,453.333333333333,0
20.7,22.33,454.6,0
20.7,22.29,457.5,0
20.7,22.29,449.666666666667,0
20.7,22.29,452,0
20.7,22.29,453.5,0
20.7,22.29,452,0
20.7,22.29,450.6,0
20.7,22.29,450.666666666667,0
20.7,22.29,451,0
20.7,22.29,454.5,0
20.7,22.29,457.25,0
20.7,22.315,456,0
20.675,22.29,456.5,0
20.675,22.29,453.5,0
20.7,22.29,454.25,0
20.675,22.22,454,0
20.675,22.2675,451,0
20.6666666666667,22.26,450.25,0
20.625,22.2225,449.75,0
20.675,22.2675,452,0
20.65,22.245,452.5,0
20.64,22.236,454,0
20.6333333333333,22.26,453,0
20.7,22.29,454,0
20.675,22.2675,450,0
20.625,22.245,451.75,0
20.675,22.2675,450.25,0
20.625,22.2225,445,0
20.65,22.2675,446.25,0
20.6666666666667,22.26,450.666666666667,0
20.64,22.236,453.6,0
20.6333333333333,22.23,450.333333333333,0
20.65,22.245,445.5,0
20.65,22.245,443,0
20.65,22.245,449.25,0
20.6333333333333,22.23,454.666666666667,0
20.65,22.245,449,0
20.625,22.2225,448.5,0
20.6,22.2,449.6,0
20.6,22.2,454,0
20.6,22.2225,451.25,0
20.6,22.2,449.333333333333,0
20.6,22.2,446,0
20.6,22.2225,445.75,0
20.6,22.2,451.5,0
20.6,22.2,455.25,0
20.6,22.2,455.25,0
20.6333333333333,22.23,451.666666666667,0
20.6,22.2,451,0
20.6,22.2,448.75,0
20.6,22.2,445.75,0
20.6,22.2,444.75,0
20.6,22.2,446.333333333333,0
20.6,22.2,450,0
20.575,22.2225,446.5,0
20.6,22.2225,446.5,0
20.575,22.2675,447.75,0
20.58,22.254,449.6,0
20.6,22.23,451.666666666667,0
20.6,22.26,450,0
20.6,22.2,449.25,0
20.575,22.2,449.75,0
20.55,22.2675,453.75,0
20.6,22.2,453,0
20.6,22.2,450.5,0
20.5666666666667,22.23,447,0
20.575,22.2675,443.75,0
20.6,22.2,444.25,0
20.6,22.2675,451.5,0
20.6,22.218,448.4,0
20.6,22.2,449,0
20.6,22.26,449.333333333333,0
20.6,22.2,446.25,0
20.6,22.2,446.6,0
20.6,22.2,447.666666666667,0
20.6,22.2,447,0
20.6,22.2,446.75,0
20.6,22.2,449.333333333333,0
20.58,22.2,451.2,0
20.6,22.2,454,0
20.6,22.2,451,0
20.6,22.2,450.25,0
20.6,22.2225,450,0
20.6,22.2225,449,0
20.6,22.2,446,0
20.58,22.218,443.2,0
20.5666666666667,22.26,443.333333333333,0
20.6,22.2,448,0
20.6,22.2675,454,0
20.6,22.29,451.5,0
20.6,22.29,451.333333333333,0
20.55,22.29,447,0
20.55,22.29,448.5,0
20.525,22.2225,450.5,0
20.575,22.29,446.5,0
20.6,22.29,447.333333333333,0
20.575,22.29,453.5,0
20.5666666666667,22.29,451.333333333333,0
20.58,22.254,449.4,0
20.5333333333333,22.26,453.666666666667,0
20.575,22.2,448.25,0
20.575,22.29,452,0
20.525,22.2675,452.666666666667,0
20.6,22.2,454.666666666667,0
20.6,22.254,453.2,0
20.56,22.29,447.6,0
20.6,22.29,447.666666666667,0
20.55,22.29,448,0
20.55,22.29,451,0
20.6,22.29,451,0
20.525,22.2675,451,0
20.525,22.29,449.75,0
20.52,22.29,453,0
20.5,22.2675,453.5,0
20.5,22.29,452.333333333333,0
20.525,22.29,452,0
20.6,22.26,450.666666666667,0
20.5,22.2,449.5,0
20.6,22.2225,449.75,0
20.56,22.2,449,0
20.6,22.2,451.333333333333,0
20.5666666666667,22.2,449,0
20.5666666666667,22.2,448,0
20.575,22.2,443.25,0
20.55,22.245,446.5,0
20.6,22.245,448.75,0
20.6,22.2225,451,0
20.6,22.2,451.5,0
20.5666666666667,22.2,455,0
20.6,22.2,451.6,0
20.6,22.2,452.666666666667,0
20.6,22.14,448.2,0
20.6,22.125,445.75,0
20.6,22.1,446.666666666667,0
20.6,22.1,446.333333333333,0
20.6,22.125,444.75,0
20.6,22.1,444.5,0
20.58,22.14,446,0
20.5666666666667,22.1333333333333,443.333333333333,0
20.6,22.1,447,0
20.5666666666667,22.1,446,0
20.6,22.15,445.25,0
20.575,22.125,442,0
20.575,22.1,443,0
20.6,22.1,443,0
20.6,22.1,446.333333333333,0
20.6,22.1333333333333,449,0
20.6,22.125,445.25,0
20.6,22.1,441.25,0
20.575,22.175,441.75,0
20.575,22.175,441.5,0
20.6,22.1333333333333,445,0
20.575,22.125,446,0
20.55,22.2,442.5,0
20.5666666666667,22.2,445,0
20.525,22.2,443.5,0
20.56,22.2,443,0
20.6,22.2,444.333333333333,0
20.5333333333333,22.2,443.666666666667,0
20.58,22.2,443.4,0
20.6,22.2,447,0
20.6,22.2,446.25,0
20.56,22.2,445.6,0
20.55,22.2,448.5,0
20.6,22.2,443.666666666667,0
20.58,22.2,444.4,0
20.6,22.2,444.333333333333,0
20.575,22.2,443.5,0
20.5666666666667,22.23,451,0
20.575,22.2675,444.5,0
20.6,22.2225,443,0
20.5333333333333,22.2,445.666666666667,0
20.56,22.2,447.8,0
20.6,22.2,445,0
20.575,22.2,442.5,0
20.525,22.245,446.75,0
20.525,22.2675,442.75,0
20.5,22.29,441.333333333333,0
20.525,22.29,443.75,0
20.5,22.29,441.25,0
20.5,22.29,440.25,0
20.5,22.29,441.5,0
20.5,22.29,439.333333333333,0
20.5,22.29,439,0
20.5,22.29,445.333333333333,0
20.5,22.29,443.5,0
20.5,22.29,439.8,0
20.5,22.29,438.25,0
20.5,22.29,443,0
20.5,22.29,440.75,0
20.5,22.29,438.2,0
20.5,22.29,441.333333333333,0
20.5,22.29,438.25,0
20.5,22.29,436.5,0
20.5,22.29,439.333333333333,0
20.5,22.29,439.75,0
20.5,22.29,439.75,0
20.5,22.29,441.166666666667,0
20.5,22.29,441.666666666667,0
20.5,22.29,438.5,0
20.5,22.29,439.75,0
20.5,22.29,438.2,0
20.5,22.29,438.666666666667,0
20.5,22.315,442,0
20.5,22.39,447.75,0
20.5,22.3566666666667,442.333333333333,0
20.5,22.365,442.25,0
20.5,22.39,445.75,0
20.5,22.365,441.5,0
20.5,22.39,437.25,0
20.5,22.39,439,0
20.5,22.29,436.5,0
20.5,22.3233333333333,432.5,0
20.5,22.315,427.5,0
20.5,22.315,437.5,0
20.5,22.3566666666667,436.666666666667,0
20.5,22.39,435,0
20.5,22.39,437,0
20.5,22.39,438.666666666667,0
20.5,22.39,440.5,0
20.5,22.34,442.75,0
20.5,22.37,438,0
20.5,22.39,436.25,0
20.4633333333333,22.3566666666667,441.333333333333,0
20.5,22.39,441,0
20.5,22.315,437,0
20.5,22.37,435.2,0
20.5,22.3566666666667,433.333333333333,0
20.5,22.39,435,0
20.5,22.34,433.8,0
20.5,22.39,435.333333333333,0
20.5,22.39,437.25,0
20.5,22.39,434.4,0
20.5,22.39,431.75,0
20.5,22.39,437.333333333333,0
20.5,22.39,439.666666666667,0
20.478,22.37,435.6,0
20.456,22.35,433,0
20.478,22.392,432.6,0
20.5,22.39,435.75,0
20.4266666666667,22.3233333333333,436,0
20.5,22.39,434.5,0
20.478,22.392,435.4,0
20.4266666666667,22.3233333333333,437.333333333333,0
20.4175,22.3925,430.75,0
20.456,22.414,439.2,0
20.4725,22.39,441.5,0
20.4633333333333,22.3933333333333,445.666666666667,0
20.5,22.39,443.25,0
20.4175,22.3425,438.25,0
20.4633333333333,22.4633333333333,437,0
20.478,22.478,429.8,0
20.5,22.456,431.2,0
20.5,22.412,435.8,0
20.4725,22.3925,435.75,0
20.445,22.34,434.25,0
20.5,22.434,434.6,0
20.5,22.39,434,0
20.5,22.39,433.5,0
20.5,22.39,434.666666666667,0
20.5,22.39,437.5,0
20.5,22.39,438.5,0
20.5,22.4266666666667,436.666666666667,0
20.5,22.445,431.166666666667,0
20.5,22.39,436,0
20.4725,22.3925,438.25,0
20.5,22.4633333333333,439,0
20.5,22.456,436.6,0
20.5,22.39,432.666666666667,0
20.5,22.39,433.25,0
20.4725,22.39,433.5,0
20.4725,22.4175,435.75,0
20.5,22.5,436,0
20.5,22.478,430.8,0
20.434,22.412,435.4,0
20.4175,22.34,433.5,0
20.39,22.39,429.75,0
20.39,22.39,430,0
20.39,22.39,433,0
20.39,22.39,436.25,0
20.39,22.39,433.5,0
20.39,22.5,434.25,0
20.39,22.4633333333333,430.333333333333,0
20.39,22.5,429.6,0
20.39,22.5,433.5,0
20.39,22.5,435.6,0
20.39,22.5,434.666666666667,0
20.39,22.5,432.333333333333,0
20.39,22.5,438,0
20.39,22.5,436.5,0
20.39,22.5,440.75,0
20.39,22.5,438,0
20.39,22.5,434.75,0
20.39,22.5,434.75,0
20.39,22.5,435.666666666667,0
20.39,22.5,434,0
20.35,22.5,429.2,0
20.39,22.5,431.5,0
20.39,22.5,430,0
20.39,22.5,434,0
20.39,22.5,434.25,0
20.39,22.5,432.4,0
20.39,22.4633333333333,434.333333333333,0
20.39,22.5,436.4,0
20.39,22.5,435.75,0
20.39,22.5,435.2,0
20.39,22.5,436.75,0
20.39,22.5,438.25,0
20.39,22.5,438.75,0
20.39,22.4725,437.5,0
20.39,22.4633333333333,439.333333333333,0
20.39,22.5,437.5,0
20.39,22.5,433.6,0
20.39,22.5,431.333333333333,0
20.39,22.5,434.8,0
20.39,22.4633333333333,433.333333333333,0
20.39,22.4725,433.8,0
20.39,22.5,436.5,0
20.39,22.5,434,0
20.39,22.4725,433.75,0
20.39,22.445,435.5,0
20.39,22.4266666666667,434.333333333333,0
20.39,22.5,431.75,0
20.39,22.5,431.5,0
20.39,22.5,432.5,0
20.39,22.456,435.4,0
20.39,22.5,436.666666666667,0
20.39,22.5,432.6,0
20.39,22.4633333333333,433,0
20.39,22.445,431.5,0
20.39,22.5,431.8,0
20.39,22.5,439.666666666667,0
20.39,22.5,436.666666666667,0
20.39,22.5,439,0
20.39,22.5,436.25,0
20.39,22.5,435.8,0
20.39,22.4266666666667,438.333333333333,0
20.39,22.4725,436,0
20.39,22.5,433.666666666667,0
20.39,22.5,432.25,0
20.39,22.5,433.5,0
20.39,22.5,436.25,0
20.39,22.5,435,0
20.39,22.5,433.75,0
20.39,22.5,440.666666666667,0
20.39,22.5,441.2,0
20.39,22.5,435.25,0
20.39,22.5,437.25,0
20.39,22.5,435.5,0
20.39,22.5,439.75,0
20.39,22.5,438,0
20.39,22.5,435.25,0
20.39,22.5,434.2,0
20.39,22.5,435,0
20.365,22.5,436.5,0
20.39,22.5,434,0
20.39,22.5,435.25,0
20.39,22.5,432.75,0
20.39,22.5,432,0
20.39,22.5,432,0
20.39,22.5,431.5,0
20.39,22.5,435,0
20.39,22.5,437.666666666667,0
20.39,22.5,437.333333333333,0
20.365,22.5,438,0
20.365,22.5,434.25,0
20.34,22.575,435.75,0
20.315,22.6,433.25,0
20.315,22.6,434.75,0
20.3566666666667,22.6,439,0
20.34,22.6,439.25,0
20.365,22.575,438.5,0
20.29,22.6,437.6,0
20.29,22.6,434.5,0
20.29,22.6,435.5,0
20.3233333333333,22.6,436,0
20.29,22.6,435.2,0
20.3233333333333,22.6,433.666666666667,0
20.29,22.6,434.25,0
20.29,22.625,440.5,0
20.29,22.6333333333333,440.666666666667,0
20.29,22.675,438,0
20.29,22.7,433.8,0
20.29,22.7,435,0
20.29,22.7,434.75,0
20.29,22.7,437.333333333333,0
20.29,22.7,439.5,0
20.29,22.65,432.75,0
20.29,22.6,435,0
20.29,22.7,436.5,0
20.29,22.675,434.666666666667,0
20.29,22.7,436,0
20.29,22.7,441.5,0
20.29,22.7,436,0
20.29,22.675,435.75,0
20.29,22.65,431,0
20.29,22.7,434,0
20.29,22.7,436,0
20.29,22.7,436.5,0
20.29,22.7,436.5,0
20.29,22.7,436.25,0
20.29,22.7,437.666666666667,0
20.29,22.7,432.25,0
20.29,22.7,429.333333333333,0
20.29,22.7,432.25,0
20.272,22.68,437,0
20.26,22.6666666666667,433.333333333333,0
20.29,22.7,427.6,0
20.29,22.7,436,0
20.29,22.7,436.333333333333,0
20.29,22.7,435.25,0
20.29,22.7,436.25,0
20.29,22.7,434.25,0
20.29,22.7225,436,0
20.2675,22.7,434.5,0
20.26,22.76,435.666666666667,0
20.29,22.7,433,0
20.29,22.7,428.25,0
20.29,22.7,434.2,0
20.2675,22.675,437,0
20.2675,22.72,433.666666666667,0
20.29,22.76,434,0
20.29,22.772,439.6,0
20.29,22.79,435.666666666667,0
20.29,22.7675,431,0
20.29,22.76,433.333333333333,0
20.29,22.7,434.5,0
20.29,22.7,435,0
20.29,22.7,437.75,0
20.29,22.79,438.333333333333,0
20.29,22.7225,438,0
20.29,22.7,431.75,0
20.29,22.7675,432.75,0
20.29,22.7225,431.25,0
20.29,22.7,437.25,0
20.3233333333333,22.7,434.333333333333,0
20.365,22.7,429.5,0
20.39,22.7,430,0
20.39,22.7,434,0
20.39,22.7,437.75,0
20.39,22.7,434.666666666667,0
20.39,22.7,431.75,0
20.39,22.65,437.5,0
20.39,22.68,433.8,0
20.39,22.7,435.8,0
20.39,22.7,437.666666666667,0
20.39,22.7,434.25,0
20.39,22.675,433,0
20.39,22.7,436.25,0
20.37,22.7,436.8,0
20.3233333333333,22.7,438,0
20.29,22.7225,438.75,0
20.29,22.745,439.5,0
20.29,22.79,441.25,0
20.29,22.79,432,0
20.29,22.79,431.666666666667,0
20.29,22.79,435,0
20.29,22.79,435.75,0
20.26,22.79,436.333333333333,0
20.29,22.84,436,0
20.2675,22.84,439.25,0
20.245,22.815,435,0
20.236,22.83,431.4,0
20.29,22.89,435.333333333333,0
20.2,22.79,439.666666666667,0
20.218,22.81,431.4,0
20.245,22.84,431,0
20.2,22.79,431.75,0
20.245,22.84,437.75,0
20.2675,22.865,436.75,0
20.2,22.79,432,0
20.2225,22.815,433.25,0
20.2,22.79,434.5,0
20.2,22.79,436.5,0
20.2225,22.815,438.25,0
20.2,22.79,439,0
20.2,22.815,441.2,0
20.2225,22.8675,435.25,0
20.2,22.89,433.75,0
20.2,22.89,439.25,0
20.2,22.89,442,0
20.2,22.89,445.333333333333,0
20.2,22.89,440.6,0
20.2,22.89,440.666666666667,0
20.236,22.83,440.2,0
20.29,22.84,439.5,0
20.29,22.79,441.666666666667,0
20.29,22.79,440.5,0
20.29,22.79,437,0
20.29,22.79,439,0
20.29,22.79,438.5,0
20.29,22.79,438.5,0
20.315,22.79,440.25,0
20.3566666666667,22.7,445,0
20.34,22.745,442.75,0
20.34,22.7225,439.75,0
20.315,22.7675,434.5,0
20.315,22.7675,437.5,0
20.29,22.79,440,0
20.29,22.79,438,0
20.29,22.79,441.6,217.2
20.29,22.8566666666667,442.666666666667,413.666666666667
20.29,22.956,445.6,433
20.29,23,453,419
20.315,23.1,459.25,419
20.29,23.2,470.4,419
20.31,23.2,466,416.2
20.31,23.2,470.8,415
20.33,23.2,476.6,412.2
20.39,23.2,473,412.2
20.365,23.245,473,413.5
20.39,23.34,479.75,403.5
20.39,23.434,494.2,397.4
20.39,23.5,498.75,399.5
20.39,23.66,501,397.4
20.39,23.7,507,398.333333333333
20.39,23.7,518,399.5
20.445,23.8175,520,403
20.5,23.89,523.666666666667,407.666666666667
20.5,23.978,525.2,412.2
20.5,24.0333333333333,531.333333333333,413
20.5,24.1,538,414
20.5,24.1,536.4,412.2
20.5,24.1,538.333333333333,413
20.5,24.18,541,412.2
20.52,24.236,549.6,407.4
20.5,24.3233333333333,555.166666666667,407
20.5,24.39,561.5,405
20.5,24.39,569,405
20.56,24.39,568.2,405
20.55,24.39,572,412
20.55,24.39,573.166666666667,416.666666666667
20.58,24.39,583,419
20.6,24.39,585,419
20.6666666666667,24.39,584.666666666667,419
20.7,24.37,584.8,419
20.7,24.39,591.4,419
20.7,24.39,594.333333333333,419
20.7,24.39,600.5,419
20.736,24.39,601.4,419
20.73,24.39,606,419
20.7,24.5,608.75,419
20.754,24.5,616.8,419
20.79,24.5,624.2,419
20.772,24.52,625.6,419
20.7675,24.6,628.75,419
20.754,24.66,635.2,419
20.772,24.7,640.8,419
20.79,24.7,642.4,421.8
20.79,24.7,643.25,422.5
20.79,24.736,643.6,427.4
20.79,24.79,645.25,433
20.775,24.79,652.666666666667,433
20.79,24.79,658,433
20.79,24.79,665.5,433
20.79,24.79,666.333333333333,433
20.79,24.79,666.5,433
20.79,24.79,668.2,433
20.79,24.79,668,433
20.79,24.79,672.666666666667,433
20.79,24.79,672.75,433
20.79,24.79,679.2,433
20.815,24.815,683.5,433
20.79,24.79,688.5,440
20.84,24.84,686,434.5
20.79,24.79,689.75,435.5
20.89,24.89,700,443.4
20.83,24.83,697.6,439.8
20.87,24.87,695.8,439.8
20.89,24.8733333333333,697.333333333333,441
20.89,24.89,701.25,442.5
20.8733333333333,24.84,700.666666666667,441
20.8733333333333,24.775,694.833333333333,441
20.89,24.84,709.75,442.5
20.89,24.8566666666667,715,435
20.89,24.8233333333333,715.833333333333,435
20.89,24.79,713.8,429
20.9266666666667,24.79,709,429
20.89,24.85,716.2,429
20.89,24.89,716.166666666667,429
20.89,24.945,725,432.75
20.89,24.9175,725,429
20.89,24.978,727.6,435
20.89,25,729.4,435
20.89,25,730.8,441
20.89,25,731.2,438
20.9175,25,736.25,444
20.978,25,741,441
21,24.9633333333333,742.333333333333,444
21,24.912,742.4,444
21.025,24.89,746.75,444
21.075,24.89,745,444
21.1,24.89,742,444
21.1,24.89,740.8,444
21.1333333333333,24.8233333333333,747.333333333333,444
21.1666666666667,24.8583333333333,745.5,444
21.2,25.1633333333333,752.666666666667,444
21.175,25.0404166666667,751.5,446.666666666667
21.15,24.9175,750.333333333333,449.333333333333
21.1833333333333,25.1983333333333,754.333333333333,454.666666666667
21.2,25.34,765.75,448
21.2,25.3925,782,454.75
21.23,25.445,786.666666666667,453
21.254,25.578,792,451.6
21.2,25.7633333333333,800.333333333333,453
21.2,25.89,804.333333333333,454.75
21.2,26.05,815.2,449.5
21.2,26.1,829.75,460
21.2,26.1571428571429,837.166666666667,442
21.2,26.245,849,439
21.2,26.29,853.5,439
21.218,26.31,863.4,439
21.236,26.412,864.4,442
21.23,26.4983333333333,871.833333333333,449
21.2225,26.525,872.25,454
21.245,26.5833333333333,876.666666666667,454
21.26,26.5666666666667,890.333333333333,454
21.29,26.6833333333333,895.166666666667,454
21.29,26.76,901,454
21.29,26.79,910.25,454
21.315,26.7675,918.5,454
21.3066666666667,26.79,923.166666666667,454
21.31,26.79,926.75,454
21.3566666666667,26.79,925.5,454
21.31,26.83,927.6,463
21.29,26.89,935,457.75
21.35,26.934,932,463
21.34,26.945,935.75,464
21.315,27,946.75,469
21.39,27,952,461
21.39,27.1,959.333333333333,462.333333333333
21.39,27.08,967,461
21.39,27.1,969,464
21.4175,27.22,982.5,464
21.4266666666667,27.23,983,462.333333333333
21.412,27.272,985.4,453
21.456,27.33,996.2,453
21.4816666666667,27.3566666666667,1004.5,449
21.5,27.312,1004.4,458
21.5,27.315,1009.25,460.25
21.54,27.718,1019,461
21.55,27.5,1034.25,464
21.6,27.4633333333333,1035.33333333333,464
21.6,27.4633333333333,1031,464
21.6,27.4725,1028.25,467.75
21.6,27.456,1030,473
21.6,27.5,1032.25,479
21.6,27.6,1033.5,479
21.6,27.54,1045,479
21.6,27.525,1040.25,474
21.6,27.5666666666667,1044,472.333333333333
21.625,27.625,1041.25,477.75
21.64,27.716,1045.8,476
21.66,27.83,1054.2,479
21.6833333333333,27.84,1054.8,474
21.65,27.84,1069.8,474
21.7,27.84,1073.66666666667,474
21.7,27.912,1073.4,474
21.7,28.0725,1076.75,474
21.7,27.9675,1086.75,474
21.7,27.8933333333333,1086.66666666667,484
21.7,27.945,1078.83333333333,479
21.7,27.912,1077.6,483
21.7,27.9725,1080.5,489
21.7,27.9175,1088.75,489
21.7,27.89,1083.66666666667,489
21.7,27.8566666666667,1076.16666666667,482
21.7,27.934,1079.4,480.6
21.7,28.1,1088,495.25
21.7,27.9083333333333,1092.5,484.833333333333
21.7,27.9616666666667,1094.66666666667,484
21.718,27.974,1091.4,484
21.7,28.1,1101.66666666667,484
21.79,28.0666666666667,1111,484
21.718,28.1,1119.4,484
21.76,28.0833333333333,1122.5,484
21.7675,28.125,1127.5,495.25
21.73,28.1333333333333,1131,499
21.775,28.05,1127.83333333333,499
21.7771428571429,28.0857142857143,1128.85714285714,499
21.79,28.125,1123.5,499
21.79,28.158,1127.8,490.6
21.79,28.26,1148.66666666667,502
21.84,28.1,1151.5,493
21.8233333333333,28.1333333333333,1142.33333333333,493
21.87,28.252,1142,493
21.89,28.1833333333333,1146,495.666666666667
21.89,28.254,1142.2,499.4
21.89,28.29,1159.8,509
21.89,28.31,1168,500.6
21.89,28.3757142857143,1181.14285714286,506.428571428571
21.89,28.39,1180,510
21.89,28.3757142857143,1183.71428571429,503
21.89,28.3066666666667,1189.66666666667,503
21.89,28.315,1190,503
21.89,28.31,1178.8,512
21.89,28.365,1173,518
21.912,28.37,1170.6,518
21.89,28.39,1178.6,518
21.89,28.445,1193.5,513
21.89,28.445,1201.5,513
21.89,28.5,1189.66666666667,511.333333333333
21.89,28.33,1190.4,518.2
21.9083333333333,28.3083333333333,1172.66666666667,513
21.945,28.29,1177.75,513
21.934,28.29,1184.8,519
22,28.29,1188.25,528
21.9816666666667,28.29,1189.5,528
21.945,28.29,1191.5,528
21.978,28.29,1193,532.8
22,28.29,1190,534.25
22,28.29,1198.5,528
22,28.2,1198,523
22,28.218,1194.2,526
22,28.2225,1185,534.25
22,28.2675,1194,538
22.025,28.2575,1193.125,538
22.06,28.274,1190.4,538
22.05,28.34,1192.25,532.25
22.1,28.39,1200.5,547.5
22.08,28.37,1198.6,544.2
22.1,28.39,1197,536.333333333333
22.1,28.365,1197.5,535
22.06,28.35,1203,534.2
22.1,28.39,1206.5,533.666666666667
22.0833333333333,28.3583333333333,1207.16666666667,533.666666666667
22.1,28.39,1213,535
22.1,28.3566666666667,1211.5,547
22.1,28.372,1208.2,553.4
22.1,28.2,1209.25,550.5
22.1,28.2,1201.66666666667,543.666666666667
22.15,28.1,1189.75,550.75
22.1,28.2,1191,555
22.1166666666667,28.0666666666667,1192.16666666667,555
22.1666666666667,28,1184.33333333333,557.666666666667
22.18,28.06,1176.4,555
22.1333333333333,28,1175.66666666667,557.666666666667
22.16,27.956,1173.8,556.4
22.2,27.9175,1170.75,555
22.175,27.945,1170.25,555
22.1833333333333,27.8066666666667,1168,555
22.2,27.8233333333333,1160.83333333333,555
22.2,27.79,1161,546.5
22.2,27.79,1166,538
22.2,27.772,1164.4,543
22.2,27.7225,1157.75,550.5
22.2,27.772,1148.6,543
22.2,27.7225,1153.75,547
22.2,27.7,1152.4,544.2
22.175,27.7,1147.25,543
22.2,27.7,1147.5,544.25
22.2,27.7,1144,548
22.2,27.6428571428571,1137.85714285714,535.714285714286
22.2,27.7,1133,543
22.2,27.6,1121.2,538
22.2,27.5166666666667,1110.83333333333,549.333333333333
22.2,27.5,1093.25,547
22.2,27.54,1093.2,538.6
22.2,27.5666666666667,1102.5,549.333333333333
22.2,27.52,1104.4,548.6
22.2,27.58,1101.75,543
22.2,27.6,1098.75,548.5
22.2,27.56,1092.4,555
22.2,27.5,1094,555
22.254,27.56,1092.4,556.4
22.2225,27.575,1081.66666666667,556.666666666667
22.245,27.5833333333333,1077,562
22.254,27.54,1074.4,555.6
22.29,27.55,1072.25,558
22.29,27.5,1070.4,563.4
22.272,27.5,1071,570
22.29,27.4816666666667,1078.16666666667,565.833333333333
22.29,27.5,1071.75,553
22.29,27.445,1066.83333333333,561.833333333333
22.29,27.456,1068.4,562.4
22.29,27.37,1064.2,560.6
22.29,27.3566666666667,1060.33333333333,559.666666666667
22.3066666666667,27.39,1061.5,569.833333333333
22.33,27.37,1057,581
22.35,27.33,1057.8,593
22.39,27.29,1065,601
22.39,27.29,1064.2,600.4
22.39,27.254,1061.8,616
22.39,27.29,1064,603.6
22.39,27.2675,1065.25,587.5
22.39,27.2,1050.5,575
22.39,27.14,1045.2,579.2
22.434,27.04,1049.6,584.8
22.4266666666667,27.0333333333333,1041.33333333333,609.666666666667
22.4266666666667,27.0333333333333,1038,625.666666666667
22.4266666666667,26.9816666666667,1035.16666666667,629.666666666667
22.5,27,1040,617
22.5,27,1036.25,624.8
22.5,26.9633333333333,1033.25,641.333333333333
22.5,26.89,1037,659.4
22.58,26.81,1031.2,644.6
22.575,26.79,1033,653
22.6,26.79,1032.25,659
22.6,26.79,1030.16666666667,660
22.6,26.7225,1033,668.5
22.6666666666667,26.7133333333333,1030.33333333333,652.5
22.675,26.675,1028.5,652.75
22.7,26.7,1020.4,654.2
22.7,26.6833333333333,1023.66666666667,656.166666666667
22.7225,26.6,1021.25,650.75
22.745,26.6,1014.75,663.75
22.745,26.55,1017,651
22.79,26.5166666666667,1014.16666666667,648.333333333333
22.79,26.6,1022.5,651
22.79,26.525,1027.25,651
22.84,26.5,1022,651
22.87,26.456,1019,657.8
22.89,26.445,1020.75,668
22.89,26.39,1015.5,668
22.9083333333333,26.39,1016,663.666666666667
22.956,26.39,1011,664.6
22.9633333333333,26.29,1018.66666666667,668
23,26.29,1006.33333333333,662.333333333333
22.956,26.236,1008.2,647.8
23,26.2,1009.33333333333,651.666666666667
23,26.2,1006.16666666667,651.666666666667
23.02,26.16,1004.4,650
23.025,26.125,999.75,653.75
23.05,26.0833333333333,994.166666666667,660
23.1,26,992.5,656
23.1,26,995.666666666667,660
23.1,26,994,655
23.14,26,990.2,660
23.18,26,993.4,655
23.2,26,998.5,650
23.2,26,997.25,651.666666666667
23.2,25.945,992.5,653.166666666667
23.2225,25.9175,996.5,653.75
23.2225,25.815,993.75,659.75
23.26,25.8566666666667,997.333333333333,338.333333333333
23.29,25.9783333333333,996.5,197.166666666667
23.272,25.87,998.6,184
23.29,25.89,993.4,173.2
23.2675,25.865,994.25,193
23.29,25.89,990.166666666667,193
23.245,25.825,984,178
23.254,25.85,983.6,184
23.26,25.7933333333333,983.333333333333,186
23.272,25.772,974.6,178
23.245,25.715,961,178
23.29,25.7225,954.25,173.5
23.245,25.7,951.5,174.5
23.215,25.6833333333333,952.5,169.666666666667
23.215,25.6833333333333,946.333333333333,168.5
23.2,25.6,942,171
23.2,25.6,933.2,176
23.2,25.58,928.8,176
23.2,25.55,924,177.25
23.2,25.55,918,171
23.2,25.5,912.75,171
23.2,25.5,907,171
23.1857142857143,25.5285714285714,899.285714285714,268.714285714286
23.2,25.7,917.25,538.75
23.2,25.792,919.8,627.6
23.2,25.65,938.25,638
23.2,25.5333333333333,922.166666666667,634
23.2,25.5,899,629
23.2,25.5166666666667,895.333333333333,557.666666666667
23.2,25.7225,899.75,547
23.2,25.54,894.4,543
23.1833333333333,25.5166666666667,880.333333333333,561.833333333333
23.15,25.5,879.75,597.75
23.2,25.5,870.5,561.5
23.2,25.5,866.2,598.4
23.18,25.5,866.4,609.6
23.2,25.525,869.75,587
23.2,25.58,874.2,596.8
23.175,25.6,877.5,595
23.1833333333333,25.7,879,608.333333333333
23.2,25.68,875.5,611.6
23.2,25.7,881.333333333333,610.2
23.218,25.7,882.4,616.6
23.23,25.715,883,608.333333333333
23.254,25.68,884.5,609
23.2675,25.7225,888.25,599
23.272,25.772,889.4,594.8
23.29,25.79,895,585.75
23.29,25.79,894.4,584.8
23.29,25.79,898.25,592.75
23.29,25.79,898,586.5
23.29,25.79,898.8,585
23.29,25.79,901,576.75
23.29,25.79,900.142857142857,566
23.29,25.7675,898.25,560
23.29,25.754,895.6,566
23.29,25.7933333333333,892.333333333333,569.333333333333
23.29,26.16,911.166666666667,561
23.29,25.89,912,561
23.29,25.89,913,561
23.29,26.0591666666667,921.4,558.3
23.29,26.2283333333333,929.8,555.6
23.29,26.456,951.8,558.8
23.29,26.575,956.75,546
23.29,26.62,968,546
23.29,26.754,966,542.8
23.29,26.79,971.8,544.8
23.29,26.87,983,541.4
23.33,26.956,993.6,538
23.29,27,999.6,538.4
23.35,27.08,1005.4,538.4
23.315,27.1,1013.75,534.5
23.29,27.14,1019.8,538.8
23.29,27.26,1023,531
23.29,27.4083333333333,1027.5,526.833333333333
23.29,27.4175,1038.5,526.75
23.29,27.5,1049,519.666666666667
23.29,27.5,1051.8,505.8
23.3185714285714,27.5857142857143,1056,493
23.29,27.65,1054.5,503.5
23.29,27.772,1066.6,496.2
23.29,27.7,1074,513
23.29,27.79,1068.25,520.5
23.33,27.874,1075.6,528
23.29,27.9175,1085.25,516.75
23.29,27.9633333333333,1096.33333333333,513
23.3042857142857,28.0142857142857,1099.14285714286,503.714285714286
23.3233333333333,28.1,1108.83333333333,503
23.29,28.1,1117,498
23.29,28.236,1116,481.6
23.29,28.35,1120.2,484
23.29,28.39,1120.6,483.4
23.29,28.5333333333333,1129.33333333333,485
23.29,28.575,1132.25,478
23.29,28.6,1132.5,478.75
23.29,28.6833333333333,1142.83333333333,474
23.29,28.772,1152,473
23.29,28.79,1156.75,474
23.29,28.89,1159.33333333333,479
23.254,28.912,1160.8,476
23.245,28.92,1160,467.75
23.236,28.978,1167,464
23.2,29.05,1171,464
23.2225,29.15,1175.5,464
23.2,29.2,1181,453
23.2,29.2,1192,464
23.2,29.2,1197.75,464
23.2,29.254,1198.2,461
23.2,29.33,1196.5,464
23.2,29.3566666666667,1203.25,464
23.14,29.456,1209,469
23.125,29.4725,1212.25,469
23.1,29.5,1219.6,463
23.1,29.55,1218.75,465.25
23.1,29.6,1221.6,466
23.1,29.62,1219.8,469
23.1,29.7,1224.66666666667,466.5
23.1,29.745,1233.75,469
23.1,29.84,1235.75,469
23.1,29.84,1239.5,469
23.0857142857143,29.89,1245,465.666666666667
23.0666666666667,29.8566666666667,1247.25,464
23.025,29.9175,1246,469
23.0166666666667,29.9633333333333,1245.16666666667,462.333333333333
23,30,1254.6,465
23,30,1261.2,461
23,30,1261,464
23,30.0166666666667,1263.66666666667,462.333333333333
23,30.06,1270.2,461
23,30.075,1273.25,464
23,30.12,1280.2,461
23,30.15,1284.5,469
23,30.23,1285.16666666667,462.333333333333
23,30.29,1290.66666666667,462.333333333333
22.9685714285714,30.3042857142857,1294.57142857143,460.428571428571
22.9175,30.29,1294,464
22.912,30.29,1301,461
22.9083333333333,30.3066666666667,1313.16666666667,462.333333333333
22.89,30.34,1312.75,464
22.945,30.39,1311.5,469
22.9266666666667,30.3733333333333,1317.6,469
22.9633333333333,30.39,1327.5,469
22.9371428571429,30.3914285714286,1330.28571428571,469
22.934,30.456,1330,466
22.9175,30.5,1328.75,465.25
22.9371428571429,30.4057142857143,1330,456.142857142857
22.956,30.412,1321.8,454
22.89,30.445,1321.5,454
22.934,30.6,1331.6,454
22.9083333333333,30.6,1336.83333333333,454
22.89,30.68,1340,454
22.945,30.7,1350.75,454
22.89,30.675,1356,454
22.89,30.675,1351.75,454
22.89,30.745,1360.16666666667,454
22.89,30.79,1364.2,454
22.89,30.754,1363.2,454
22.89,30.79,1363.16666666667,454
22.89,30.79,1367,454
22.89,30.79,1368.5,454
22.912,30.79,1365.8,454
22.89,30.89,1361.6,454
22.89,30.865,1372,465.25
22.89,30.89,1385.25,465.25
22.89,30.89,1386.4,469
22.89,30.89,1393.16666666667,469
22.89,30.85,1393,469
22.89,30.79,1389,460
22.89,30.79,1385.2,454
22.89,30.8566666666667,1377.33333333333,454
22.89,30.8566666666667,1383.83333333333,454
22.89,30.83,1388.6,442
22.89,30.865,1377.5,449.5
22.89,30.89,1374,451.6
22.89,30.89,1377.6,451.6
22.89,30.89,1373,456.8
22.865,30.84,1372.25,444
22.89,30.89,1376,444
22.84,30.84,1361.75,444
22.79,30.81,1356.6,444
22.79,30.84,1363,444
22.79,30.83,1363.8,444
22.79,30.89,1363.5,444
22.79,30.89,1369.33333333333,444
22.79,30.9175,1366.25,444
22.79,30.89,1372.57142857143,444
22.79,30.89,1361.66666666667,444
22.79,30.89,1367.25,444
22.79,30.89,1359,444
22.79,30.934,1363.8,444
22.79,30.89,1353.75,444
22.79,31,1356.33333333333,444
22.79,31,1363.8,444
22.772,31.02,1364,444
22.79,31.05,1373.33333333333,444
22.7675,31.125,1374.25,440.25
22.79,31.0833333333333,1369,444
22.79,31.075,1360.75,444.75
22.79,31.1142857142857,1359.5,441.285714285714
22.745,31.15,1366.33333333333,447
22.772,31.2,1377,439.8
22.79,31.2,1379.5,441
22.745,31.2,1379.25,442.5
22.7225,31.2,1381.5,442.5
22.745,31.29,1381,438
22.73,31.1666666666667,1374,441
22.73,31.2133333333333,1372.5,441
22.7,31.1,1369.75,442.5
22.7,31.12,1368.6,443.4
22.715,31.2,1368.33333333333,441
22.7,31.1666666666667,1365.33333333333,441
22.715,31.2,1370.5,441
22.715,31.2,1366.33333333333,441
22.7,31.2,1373.5,442.5
22.745,31.2225,1378.5,438
22.7,31.272,1377.16666666667,441
22.7,31.245,1401.16666666667,447
22.7,31.2675,1395.33333333333,442.5
22.7,31.29,1401,447
22.7,31.29,1400.5,444
22.7,31.29,1394,447
22.7,31.29,1394.6,447
22.7,31.29,1389.66666666667,447
22.7,31.29,1377.2,447
22.7,31.29,1387,447
22.7,31.3757142857143,1393.42857142857,439
22.7,31.39,1393.75,447
22.7,31.39,1392.6,441.4
22.7,31.37,1394.2,438.6
22.7,31.4175,1396.25,440
22.7,31.39,1390.5,443.5
22.7225,31.365,1397.5,436.5
22.7,31.4175,1398.25,433
22.7,31.4725,1402.25,433
22.7,31.3785714285714,1398,433
22.7,31.29,1384.25,433
22.7,31.29,1387.33333333333,433
22.7,31.29,1392.5,433
22.7,31.236,1384.8,433
22.7225,31.315,1388,433
22.7,31.27,1384.6,433
22.7,31.275,1373.33333333333,433
22.7,31.18,1368.8,433
22.7,31.2,1364,433
22.7,31.15,1357.5,433
22.7,31.2,1352,433
22.7,31.2,1357,433
22.7,31.1,1361.75,433
22.7,31.1,1356,433
22.7,31.1,1344.25,433
22.7,31.05,1357.75,433
22.7,31.1,1355.75,433
22.7,31.1,1354.66666666667,433
22.7,31.0166666666667,1343.33333333333,433
22.7,31.05,1334.16666666667,433
22.7225,30.9725,1340.25,433
22.736,30.934,1336.8,433
22.7675,31,1335.75,433
22.73,31,1342.33333333333,433
22.718,31,1348.8,433
22.7,31,1353.25,433
22.7,30.912,1339,433
22.7,30.945,1338.25,433
22.7,30.956,1347.6,433
22.7,30.9725,1338.75,433
22.7,30.89,1318,433
22.7,30.8733333333333,1311.16666666667,433
22.66,30.83,1306.5,433
22.68,30.87,1316.66666666667,433
22.7,30.89,1306.33333333333,433
22.7,30.79,1300.5,429.5
22.675,30.7225,1298.66666666667,433
22.675,30.745,1298.2,424.6
22.7,30.7675,1292.5,426
22.675,30.7225,1288.5,426
22.7,30.7,1299.66666666667,433
22.65,30.65,1285.33333333333,423.666666666667
22.7,30.675,1286,426
22.6,30.5833333333333,1284.33333333333,419
22.6,30.575,1275.25,422.5
22.6,30.6,1273.8,419
22.6,30.6,1271.8,419
22.6,30.55,1273.33333333333,419
22.6,30.58,1261.75,419
22.6,30.5666666666667,1258.5,419
22.6,30.4725,1251.5,419
22.6,30.445,1241.33333333333,419
22.6,30.4725,1238.75,419
22.6,30.37,1246.8,419
22.6,30.315,1240.75,419
22.6,30.365,1240.25,419
22.6,30.275,1239,426
22.6,30.245,1235.25,422.5
22.6,30.254,1229.8,424.6
22.6,30.18,1220.6,419
22.6,30.1666666666667,1214.16666666667,419
22.6,30.1,1214,419
22.6,30.14,1217.8,419
22.6,30.1,1211.8,419
22.6,30.1,1217.2,419
22.6,30.1,1211.5,415.5
22.6,30.1816666666667,1207.33333333333,419
22.6,30.1,1204.75,419
22.6,30.1225,1205.25,0
22.575,30.05,1204.75,0
22.5,30.1,1196.66666666667,0
22.5,30.1,1191.5,0
22.5,30.1,1184,0
22.445,30.1,1189.25,0
22.39,30.075,1186.5,0
22.39,30.1,1180.75,0
22.39,30.05,1172.5,0
22.365,30.075,1164,0
22.3566666666667,30.1,1160.66666666667,0
22.29,30,1143.25,0
22.2675,29.945,1139.5,0
22.245,29.9725,1138.25,0
22.2,29.815,1135.5,0
22.2,29.84,1124.75,0
22.2,29.8566666666667,1119.33333333333,0
22.125,29.79,1110.25,0
22.1,29.79,1105.5,0
22.1,29.745,1096.75,0
22.1,29.7,1092.25,0
22.1,29.6,1092.5,0
22.025,29.525,1085.75,0
22,29.4633333333333,1074.33333333333,0
22,29.39,1066,0
22,29.39,1058.5,0
21.9175,29.29,1050.75,0
21.89,29.2675,1044,0
21.9633333333333,29.2,1039,0
21.89,29.2,1030.5,0
21.89,29.2,1030.8,0
21.89,29.2,1032.33333333333,0
21.89,29.16,1021.2,0
21.89,29.2,1018.66666666667,0
21.89,29.2,1008.75,0
21.79,29,1003.25,0
21.81,29,989.8,0
21.815,29,992,0
21.79,28.9725,985.75,0
21.79,28.89,989,0
21.7225,28.89,983,0
21.7,28.89,976.75,0
21.7,28.89,970.333333333333,0
21.7,28.865,961.75,0
21.7,28.865,958.75,0
21.7,28.89,954.666666666667,0
21.7,28.79,950.5,0
21.7,28.815,942.75,0
21.675,28.79,938.25,0
21.675,28.7675,941,0
21.6333333333333,28.73,944.333333333333,0
21.6,28.65,938,0
21.6,28.675,934.5,0
21.6,28.6333333333333,936.666666666667,0
21.6,28.6,926,0
21.6,28.6,920.75,0
21.6,28.56,920.2,0
21.6,28.5,911.333333333333,0
21.6,28.5,905.333333333333,0
21.6,28.5,904.2,0
21.6,28.5,899.666666666667,0
21.6,28.478,898.2,0
21.6,28.4725,898.25,0
21.6,28.39,895,0
21.6,28.39,891.666666666667,0
21.58,28.35,887.4,0
21.6,28.29,885.333333333333,0
21.56,28.29,876.4,0
21.5333333333333,28.29,871.333333333333,0
21.5,28.29,863.5,0
21.5,28.2675,865.25,0
21.5,28.23,859.666666666667,0
21.5,28.26,858.666666666667,0
21.5,28.2,852.25,0
21.5,28.175,849.25,0
21.5,28.1,849,0
21.5,28.1,845,0
21.5,28.1,844.5,0
21.5,28.05,843.75,0
21.5,28.075,842,0
21.5,28.1,833.2,0
21.5,28.0333333333333,832.666666666667,0
21.4175,27.945,825.25,0
21.39,27.89,820.333333333333,0
21.4175,27.9175,824.5,0
21.39,27.89,819.25,0
21.39,27.89,820.2,0
21.39,27.89,817.666666666667,0
21.365,27.89,808,0
21.39,27.79,806.666666666667,0
21.39,27.8566666666667,804.666666666667,0
21.29,27.85,803.8,0
21.29,27.79,806,0
21.29,27.79,801.5,0
21.34,27.79,802,0
21.29,27.79,803.666666666667,0
21.29,27.79,800,0
21.29,27.79,795,0
21.29,27.79,785,0
21.29,27.79,781,0
21.29,27.79,782,0
21.29,27.7675,778,0
21.29,27.79,772.5,0
21.245,27.745,770.75,0
21.218,27.718,769,0
21.23,27.7,767,0
21.2,27.7,764,0
21.2,27.7,765.25,0
21.2,27.65,765,0
21.2,27.6,766,0
21.2,27.6,758.5,0
21.2,27.575,749.75,0
21.2,27.6,749,0
21.2,27.54,747.8,0
21.2,27.5,744,0
21.2,27.5,746.4,0
21.2,27.4725,750.5,0
21.2,27.5,747,0
21.2,27.4725,750,0
21.2,27.365,742.75,0
21.2,27.34,737.75,0
21.2,27.34,736.25,0
21.2,27.29,738.25,0
21.2,27.29,732.333333333333,0
21.2,27.29,725.4,0
21.2,27.2675,729.25,0
21.2,27.245,727,0
21.2,27.245,716.75,0
21.2,27.2,715.666666666667,0
21.2,27.2,712.25,0
21.2,27.2,719,0
21.2,27.15,714.25,0
21.2,27.14,711.4,0
21.2,27.1,702.75,0
21.2,27.1,701,0
21.2,27.1,703.666666666667,0
21.2,27.025,707.25,0
21.2,27,703.75,0
21.2,27,699.5,0
21.2,27,697.5,0
21.2,27,696.666666666667,0
21.2,27,692.75,0
21.2,27,692.6,0
21.2,26.8566666666667,695.333333333333,0
21.2,26.89,690.5,0
21.2,26.89,689.5,0
21.2,26.89,692.333333333333,0
21.2,26.815,691.5,0
21.2,26.79,687.6,0
21.1666666666667,26.79,682.333333333333,0
21.2,26.79,677.666666666667,0
21.16,26.79,677.8,0
21.2,26.79,684.333333333333,0
21.15,26.79,682.5,0
21.175,26.79,675,0
21.125,26.79,669.25,0
21.2,26.745,668.5,0
21.15,26.7,671.25,0
21.1,26.7,674.333333333333,0
21.125,26.675,673,0
21.125,26.6,671.5,0
21.125,26.625,670.5,0
21.1,26.625,669.75,0
21.1,26.6,663.5,0
21.1,26.6,665,0
21.1,26.6,661.5,0
21.1,26.6,657.75,0
21.1,26.6,652.75,0
21.1,26.6,653.25,0
21.1,26.6,656.75,0
21.1,26.6,651,0
21.1,26.575,648.5,0
21.1,26.55,652.25,0
21.1,26.5,642.25,0
21.1,26.5,643.75,0
21.075,26.4725,649.666666666667,0
21.1,26.5,649.5,0
21.06,26.412,646.6,0
21.0666666666667,26.4633333333333,643,0
21.08,26.478,640.4,0
21.075,26.39,640.75,0
21.075,26.4175,636.75,0
21.05,26.39,634.75,0
21.075,26.4175,633.75,0
21,26.29,632,0
21,26.29,626.5,0
21.0333333333333,26.3233333333333,628.666666666667,0
21.025,26.315,629.5,0
21.05,26.34,630.5,0
21.025,26.315,631.5,0
21.025,26.315,629.5,0
21.05,26.29,627,0
21,26.2675,624.5,0
21,26.26,625.666666666667,0
21,26.29,624.5,0
21,26.236,622,0
21,26.2675,622.75,0
21,26.2,619.25,0
21,26.2,616,0
21,26.2,617.25,0
21,26.2,616.4,0
21,26.1666666666667,616.666666666667,0
21,26.125,614.75,0
21,26.125,611.333333333333,0
21,26.1,613.6,0
21,26.15,608.75,0
21,26.1,611,0
21,26.1,612,0
21,26.1,608.8,0
21,26.1,612,0
21,26.1,604.5,0
21,26,607,0
21,26,614.75,0
21,26,612.25,0
21,26,607.5,0
21,26,602.666666666667,0
21,26,605.25,0
21,26,606,0
21,26,602.25,0
21,25.956,600.5,0
21,26,600.5,0
21,26,601,0
21,25.934,600.4,0
21,25.89,604.333333333333,0
21,25.89,606,0
20.9633333333333,25.89,602,0
21,25.89,596,0
21,25.89,596.333333333333,0
21,25.89,594,0
20.945,25.89,596.5,0
20.9633333333333,25.89,596,0
20.9725,25.815,597.5,0
21,25.815,594.25,0
21,25.815,591.5,0
20.978,25.83,594.2,0
20.9633333333333,25.79,588.666666666667,0
20.9266666666667,25.79,585.333333333333,0
20.945,25.79,585,0
20.945,25.79,582.25,0
20.89,25.79,580.75,0
20.9175,25.745,585,0
20.89,25.7225,584.5,0
20.9633333333333,25.7,583.333333333333,0
20.89,25.7,584,0
20.912,25.7,581.8,0
20.89,25.7,576.666666666667,0
20.89,25.7,579.333333333333,0
20.89,25.7,581.75,0
20.89,25.7,582.75,0
20.89,25.7,579.8,0
20.9175,25.7,578.5,0
20.89,25.7,578.5,0
20.89,25.7,580.5,0
20.89,25.7,577.8,0
20.89,25.7,582.75,0
20.89,25.7,584.4,0
20.89,25.6,582.666666666667,0
20.865,25.575,578.25,0
20.89,25.6,575.666666666667,0
20.89,25.6,577.25,0
20.87,25.58,577.2,0
20.89,25.6,572.75,0
20.89,25.6,576.5,0
20.89,25.525,579.333333333333,0
20.89,25.525,571.6,0
20.89,25.5,573,0
20.89,25.5,573.5,0
20.89,25.5,572.75,0
20.89,25.5,573.6,0
20.89,25.5,571.5,0
20.8566666666667,25.4633333333333,573.333333333333,0
20.89,25.4725,570.75,0
20.89,25.39,568,0
20.89,25.4175,573,0
20.89,25.39,569.666666666667,0
20.89,25.39,575.2,0
20.89,25.39,578,0
20.89,25.39,572.75,0
20.89,25.39,569.6,0
20.8566666666667,25.3566666666667,566.333333333333,0
20.8566666666667,25.3566666666667,567.333333333333,0
20.865,25.365,570.25,0
20.89,25.39,575,0
20.89,25.37,570.2,0
20.89,25.3566666666667,565.333333333333,0
20.89,25.29,569.25,0
20.89,25.315,567.25,0
20.89,25.29,567.5,0
20.865,25.2675,566,0
20.89,25.29,565.75,0
20.89,25.2675,564.5,0
20.89,25.218,562.6,0
20.89,25.29,561.333333333333,0
20.89,25.29,561,0
20.89,25.29,566.75,0
20.9175,25.245,563.75,0
20.89,25.2,566.75,0
20.89,25.218,563.4,0
20.89,25.2,564.25,0
20.89,25.2225,562.75,0
20.9175,25.2,560,0
20.89,25.2,558.75,0
20.89,25.2,558.5,0
20.89,25.2,558.333333333333,0
20.89,25.2,561.4,0
20.89,25.2,558.25,0
20.89,25.2,557.2,0
20.89,25.2,559.666666666667,0
20.89,25.1333333333333,561,0
20.89,25.16,563.4,0
20.9175,25.125,559.75,0
20.9175,25.1,559,0
20.9175,25.1,561,0
20.89,25.1,563.25,0
20.89,25.1,560.75,0
20.89,25.1,558,0
20.89,25.08,556.8,0
20.89,25.125,556,0
20.89,25.1,558,0
20.89,25.08,556.8,0
20.89,25.0666666666667,557,0
20.89,25,556.8,0
20.89,25.025,548.5,0
20.89,25.05,550,0
20.89,25,554,0
20.89,25.025,555.25,0
20.89,25,555.5,0
20.89,25,556.75,0
20.89,25,558,0
20.89,25,558,0
20.89,25,558.25,0
20.89,25,556.25,0
20.89,25,554.5,0
20.89,25,555.25,0
20.89,25,558,0
20.89,25,554.333333333333,0
20.89,25,549.75,0
20.89,24.9725,558.5,0
20.865,24.92,558.25,0
20.89,24.9175,558.25,0
20.89,24.9725,547.25,0
20.89,24.945,553.75,0
20.89,24.89,547.75,0
20.89,24.89,547.25,0
20.89,24.89,551.5,0
20.89,24.89,554,0
20.89,24.89,550,0
20.89,24.9266666666667,553.666666666667,0
20.89,24.934,552.4,0
20.89,24.9266666666667,554,0
20.83,24.87,547,0
20.89,24.89,542.333333333333,0
20.84,24.8925,544.75,0
20.89,24.945,547,0
20.865,24.865,552.75,0
20.89,25,556,0
20.87,24.934,551.6,0
20.84,24.92,553,0
20.89,24.9725,551.25,0
20.8566666666667,24.9266666666667,552.666666666667,0
20.865,24.9725,553.75,0
20.8566666666667,24.8566666666667,545.666666666667,0
20.865,24.9175,547.75,0
20.89,24.912,548.4,0
20.89,24.9266666666667,549.333333333333,0
20.89,25,549.333333333333,0
20.865,24.8925,545.5,0
20.89,24.9266666666667,543,0
20.89,24.978,545.6,0
20.85,24.956,547.6,0
20.89,25,548.666666666667,0
20.89,25,542.75,0
20.87,24.978,537.2,0
20.8566666666667,24.9266666666667,541.333333333333,0
20.865,24.9725,545.25,0
20.83,24.934,541.25,0
20.8233333333333,24.9266666666667,535.5,0
20.89,25,536.5,0
20.87,24.978,543.8,0
20.84,24.92,542,0
20.84,24.945,537.25,0
20.8233333333333,24.9266666666667,538,0
20.8233333333333,24.9266666666667,542,0
20.81,24.912,542,0
20.79,24.89,545.333333333333,0
20.865,24.9725,543.25,0
20.8566666666667,24.93,539,0
20.84,24.945,540.75,0
20.79,24.9175,538,0
20.79,24.89,538,0
20.79,24.9266666666667,538.666666666667,0
20.81,24.956,541.6,0
20.79,24.89,537.5,0
20.79,24.978,537.2,0
20.79,24.9633333333333,541,0
20.79,25,534,0
20.79,25,532,0
20.84,25,531.75,0
20.79,25,532.8,0
20.79,25,532,0
20.8233333333333,24.9266666666667,533.666666666667,0
20.79,25,531.75,0
20.79,25,534.4,0
20.79,25,535.666666666667,0
20.79,25,529.75,0
20.79,25,532,0
20.79,25,531.333333333333,0
20.79,25,529.75,0
20.79,25,528.75,0
20.79,25,528.25,0
20.79,25,526,0
20.79,25,526.5,0
20.79,24.9633333333333,529.333333333333,0
20.815,24.945,528.25,0
20.81,24.934,526.8,0
20.79,24.9725,525.5,0
20.79,24.9633333333333,524.666666666667,0
20.79,24.89,523,0
20.79,24.89,526,0
20.79,24.9725,523.25,0
20.79,24.89,524.333333333333,0
20.79,24.89,521.5,0
20.79,24.912,518.6,0
20.79,24.89,520.75,0
20.79,24.89,527.666666666667,0
20.79,24.945,526,0
20.79,24.956,519.6,0
20.79,24.9633333333333,518.333333333333,0
20.79,24.9725,520.5,0
20.79,24.945,521.75,0
20.79,24.89,523,0
20.79,24.89,520.333333333333,0
20.79,24.89,519,0
20.79,24.945,516.25,0
20.79,25,518.6,0
20.79,25,519.333333333333,0
20.76,25,515.333333333333,0
20.772,25,516.4,0
20.745,25,519.5,0
20.7675,25,522.25,0
20.7675,25,514.75,0
20.7675,25,513.75,0
20.79,25,515,0
20.79,25,519,0
20.772,25,518.8,0
20.79,25,517.333333333333,0
20.73,25.0666666666667,509.75,0
20.718,25.04,513.6,0
20.73,25.0666666666667,511,0
20.718,25.1,512.4,0
20.7,25.075,515.5,0
20.736,25.1,511.8,0
20.73,25.1,511.666666666667,0
20.7,25.05,509.75,0
20.73,25.1,513,0
20.7,25.1,508.5,0
20.7,25.1,510,0
20.7,25.1,509.666666666667,0
20.7,25.1,508.5,0
20.7,25.1,511.25,0
20.7,25.1,513.333333333333,0
20.7,25.1,509.5,0
20.7,25.1,509,0
20.7,25.1,509,0
20.7,25.1,510.5,0
20.7,25.1,512,0
20.7,25.1,509,0
20.68,25.12,508,0
20.7,25.125,502.25,0
20.675,25.1,502.5,0
20.7,25.1,505.5,0
20.7,25.1,505.5,0
20.7,25.1,500.25,0
20.68,25.1,500,0
20.6666666666667,25.1,499,0
20.7,25.1,501.25,0
20.7,25.1,501,0
20.7,25.1,502,0
20.7,25.1,496.25,0
20.7,25.1,495.8,0
20.66,25.1,497.8,0
20.6333333333333,25.1,497,0
20.625,25.1,497.25,0
20.675,25.175,503.25,0
20.675,25.125,500,0
20.7,25.1,494.75,0
20.7,25.1,492.333333333333,0
20.7,25.1,492.75,0
20.7,25.1,497,0
20.65,25.075,498.5,0
20.7,25.1,498.75,0
20.675,25.075,498.75,0
20.7,25.1,495.333333333333,0
20.675,25.075,490.75,0
20.7,25.1,487.75,0
20.65,25.05,491.75,0
20.7,25.1,491.25,0
20.7,25.1,493.5,0
20.7,25.1,493.333333333333,0
20.7,25,493.25,0
20.7,25,491,0
20.7,25,492,0
20.7,25,496,0
20.7,25,493,0
20.7,25,491.25,0
20.7,25,494,0
20.7,25,494.2,0
20.7,25,493.75,0
20.7,25,495.75,0
20.7,25,492.25,0
20.7,25,486.5,0
20.7,25,493.333333333333,0
20.7,25,494.75,0
20.7,25,490,0
20.7,25,490.5,0
20.7,25,490.25,0
20.7,25,498.25,0
20.7,25,499,0
20.7,24.9633333333333,493,0
20.7,24.9816666666667,484.833333333333,0
20.7,24.9725,480,0
20.7,24.9725,478.75,0
20.7,25,483.333333333333,0
20.7,25,480.2,0
20.7,24.89,483.333333333333,0
20.7,24.89,487,0
20.7,24.85,485.2,0
20.7,24.89,480.666666666667,0
20.7,24.84,480.25,0
20.7,24.79,486,0
20.7,24.865,485.75,0
20.7,24.815,483,0
20.7,24.87,483.6,0
20.7,24.79,489.333333333333,0
20.7,24.79,486.75,0
20.7,24.79,483.5,0
20.7,24.79,482,0
20.745,24.79,481.5,0
20.7,24.79,488.25,0
20.7,24.79,486.333333333333,0
20.7,24.79,480.6,0
20.7,24.79,485.666666666667,0
20.7,24.79,484.8,0
20.7,24.79,481,0
20.7,24.79,486.5,0
20.7,24.79,488,0
20.7,24.79,481.666666666667,0
20.7,24.79,481,0
20.7,24.754,483,0
20.7,24.7675,485,0
20.7,24.76,475.666666666667,0
20.7,24.7225,478.5,0
20.7,24.7,482.8,0
20.7,24.7,482.333333333333,0
20.7,24.675,481.5,0
20.7,24.675,479.25,0
20.7,24.6,478.333333333333,0
20.7,24.6,477.5,0
20.7,24.6,480.25,0
20.7,24.65,481.5,0
20.7,24.65,481.25,0
20.7,24.66,481.75,0
20.7,24.7,479,0
20.7,24.65,482.75,0
20.7,24.6666666666667,485.666666666667,0
20.7,24.6333333333333,484,0
20.7,24.6,479.5,0
20.7,24.6,479.75,0
20.7,24.6,480.75,0
20.7,24.6333333333333,475.333333333333,0
20.7,24.7,475.666666666667,0
20.7,24.6,477.25,0
20.7,24.6,478.5,0
20.7,24.64,479.6,0
20.7,24.6,475.666666666667,0
20.7,24.6,479.333333333333,0
20.7,24.6,478.5,0
20.7,24.6285714285714,476.857142857143,0
20.7,24.6333333333333,477.333333333333,0
20.7,24.625,475.25,0
20.7,24.6,479.666666666667,0
20.7,24.6,482,0
20.7,24.6,475.8,0
20.7,24.6,477.333333333333,0
20.7,24.6,475.25,0
20.7,24.6,477.25,0
20.7,24.6,478.666666666667,0
20.7,24.6,476.75,0
20.7,24.6,472.5,0
20.7,24.6,471.6,0
20.7,24.6,474.75,0
20.7,24.6,475.666666666667,0
20.7,24.6,473.2,0
20.7,24.6,467,0
20.7,24.6,466,0
20.7,24.6,465.25,0
20.7,24.6,471,0
20.7,24.6,471.5,0
20.7,24.6,476.5,0
20.7,24.6,472.75,0
20.7,24.6,470.75,0
20.7,24.575,466.75,0
20.7,24.5,463.75,0
20.7,24.5333333333333,469,0
20.7,24.575,472.25,0
20.7,24.6,475.4,0
20.7,24.5,474.25,0
20.7,24.5,470.25,0
20.7,24.5333333333333,478,0
20.7,24.56,469.4,0
20.7,24.5333333333333,468.333333333333,0
20.7,24.6,469.25,0
20.7,24.6,468,0
20.7,24.6,473,0
20.7,24.5666666666667,474.333333333333,0
20.7,24.5,475.75,0
20.7,24.5,473.5,0
20.7,24.5,474.75,0
20.7,24.5,472,0
20.7,24.5,468.25,0
20.7,24.5,471.5,0
20.7,24.5,469,0
20.7,24.5,468,0
20.7,24.5,471.5,0
20.7,24.5,469.6,0
20.7,24.5,466.6,0
20.7,24.5,462.666666666667,0
20.7,24.5,461.333333333333,0
20.7,24.5,463.75,0
20.7,24.5,466.25,0
20.7,24.5,468.25,0
20.7,24.5,470.6,0
20.7,24.5,467.666666666667,0
20.7,24.5,469,0
20.7,24.5,464.25,0
20.7,24.5,468,0
20.7,24.5,468.75,0
20.7,24.5,472.333333333333,0
20.7,24.5,468.666666666667,0
20.7,24.5,467.666666666667,0
20.7,24.5,462.333333333333,0
20.7,24.5,463.5,0
20.7,24.5,467.4,0
20.7,24.5,465.666666666667,0
20.7,24.5,465.75,0
20.7,24.5,469.75,0
20.7,24.5,463.333333333333,0
20.62,24.412,462.6,0
20.7,24.5,468.25,0
20.7,24.5,469.25,0
20.675,24.4725,469,0
20.6666666666667,24.4633333333333,471.333333333333,0
20.625,24.4175,467.75,0
20.7,24.5,459,0
20.68,24.478,464.6,0
20.6666666666667,24.4633333333333,467.666666666667,0
20.7,24.5,473.25,0
20.7,24.5,471,0
20.675,24.4725,465.75,0
20.7,24.5,461.5,0
20.675,24.4725,464.5,0
20.7,24.5,464.8,0
20.6333333333333,24.4266666666667,468.333333333333,0
20.6666666666667,24.4633333333333,464.333333333333,0
20.6,24.39,463.2,0
20.6666666666667,24.4633333333333,465.333333333333,0
20.675,24.4725,464.25,0
20.64,24.434,460,0
20.7,24.5,461,0
20.6666666666667,24.4633333333333,467,0
20.64,24.434,462.2,0
20.6,24.39,459.75,0
20.65,24.445,455.25,0
20.625,24.4175,455.25,0
20.6,24.39,461.333333333333,0
20.6,24.39,465.25,0
20.6,24.39,464.75,0
20.6,24.39,464.8,0
20.6,24.39,463.5,0
20.625,24.4175,463.5,0
20.6,24.39,465.666666666667,0
20.625,24.4175,464.5,0
20.62,24.412,467.6,0
20.625,24.4175,459.5,0
20.625,24.4175,457.5,0
20.6,24.39,463.333333333333,0
20.6,24.39,465,0
20.6,24.39,468.25,0
20.6,24.39,465,0
20.6,24.39,464.5,0
20.6,24.34,465.5,0
20.6,24.39,465.75,0
20.6,24.39,469.75,0
20.6,24.39,468.2,0
20.6,24.365,463.5,0
20.6,24.34,461.5,0
20.6,24.39,464,0
20.6,24.365,464,0
20.6166666666667,24.3233333333333,466.5,0
20.6333333333333,24.3233333333333,461,0
20.625,24.315,459.25,0
20.66,24.312,459.6,0
20.6,24.2,460.333333333333,0
20.6,24.2,458.5,0
20.6,24.2,460,0
20.625,24.2925,464.5,0
20.62,24.236,467.2,0
20.6,24.2,456,0
20.6,24.2,459.5,0
20.6,24.2,460.333333333333,0
20.6,24.2,462.2,0
20.6,24.2,460.5,0
20.6,24.2,464.25,0
20.6333333333333,24.23,464.333333333333,0
20.6,24.2,465.75,0
20.6,24.2,463.5,0
20.6,24.2,466.2,0
20.6,24.2,466.25,0
20.6,24.2,466,0
20.6,24.2,463.25,0
20.575,24.2,466.75,0
20.6,24.2,467.666666666667,0
20.6,24.2,463.5,0
20.6,24.2,459.25,0
20.6,24.2,463.25,0
20.575,24.2,463,0
20.5333333333333,24.2,459.333333333333,0
20.55,24.2,463,0
20.575,24.2,460.75,0
20.56,24.2,462.4,0
20.52,24.2,464,0
20.5333333333333,24.2,462.666666666667,0
20.55,24.2,467,0
20.6,24.2,468,0
20.6,24.1,463.25,0
20.6,24.175,462.5,0
20.6,24.1,467.75,0
20.6666666666667,24.1666666666667,467.666666666667,0
20.6,24.1,466.25,0
20.6,24.1,466.5,0
20.6,24.1,467.5,0
20.6,24.1,464.5,0
20.6,24.1,460.5,0
20.6,24.0333333333333,457,0
20.6,24.08,459.4,0
20.6333333333333,24.0666666666667,465,0
20.6,24.05,465.75,0
20.625,24.05,468.75,0
20.6,24,463.5,0
20.6,24.05,463.25,0
20.6,24,466.333333333333,0
20.6,24.02,467.8,0
20.575,24.075,463.25,0
20.525,24.1,468.75,0
20.5666666666667,24.1,465,0
20.525,24.1,464.75,0
20.54,24.1,466.4,0
20.5,24.1,467,0
20.5,24.15,466.75,0
20.525,24.1,468.75,0
20.5,24.2,468.666666666667,0
20.5,24.2,466.75,0
20.5,24.2,462.5,0
20.525,24.1,465.5,0
20.54,24.1,463.8,0
20.5,24.1,467.333333333333,0
20.5666666666667,24.1,466.75,0
20.5,24.1,466.8,0
20.5,24.1,464,0
20.52,24.1,461.4,0
20.5,24.1,464.666666666667,0
20.5,24.1,465.5,0
20.5,24.1,467.666666666667,0
20.5,24.1,473.5,0
20.52,24.1,469.8,0
20.5,24.1,469.666666666667,0
20.5,24.1,470.6,0
20.5,24.1,468,0
20.5,24.1,468.5,0
20.5,24.1,470,0
20.4725,24.05,472.75,0
20.5,24.075,466.75,0
20.4725,24.0225,466,0
20.4266666666667,23.96,467.333333333333,0
20.4725,23.9975,468.5,0
20.456,23.956,470.8,0
20.5,24,472,0
20.478,23.978,470,0
20.445,23.945,466.666666666667,0
20.5,24,461.4,0
20.39,23.89,462.666666666667,0
20.4725,23.89,464.75,0
20.5,23.89,473.5,0
20.456,23.85,472.5,0
20.4266666666667,23.8233333333333,473,0
20.4633333333333,23.8566666666667,473,0
20.445,23.8233333333333,469.833333333333,0
20.445,23.8175,469.25,0
20.4175,23.7475,471.75,0
20.4266666666667,23.76,472.666666666667,0
20.4175,23.7225,471.5,0
20.4725,23.7675,471,0
20.39,23.7,472,0
20.434,23.736,468.8,0
20.4266666666667,23.73,471.666666666667,56.3333333333333
20.39,23.7,474.75,311.75
20.4175,23.7225,473.5,426
20.4725,23.7675,473.75,433
20.4816666666667,23.89,484.5,423.666666666667
20.5,23.89,492.4,419
20.5,23.89,491,419
20.5,23.89,487.2,419
20.55,23.945,493.25,415.5
20.52,24,499.6,409.8
20.525,24,506.2,414.6
20.6,24.0833333333333,507.333333333333,413
20.6,24.1,514.6,414.6
20.6,24.175,522.25,407.5
20.6,24.2,525.6,406.6
20.6,24.2,528,399.5
20.6333333333333,24.23,537.333333333333,398.333333333333
20.66,24.2,538.8,406.2
20.625,24.175,538.5,414
20.66,24.216,535.8,412.2
20.675,24.34,538.75,411
20.7,24.5,546.25,408
20.7,24.65,554.666666666667,405
20.7,24.7,565.333333333333,405
20.7,24.7675,573,405
20.7128571428571,24.79,581.142857142857,405
20.7,24.79,587.25,405
20.754,24.87,588.2,413.4
20.775,24.89,589.5,416.666666666667
20.772,24.956,592,419
20.79,24.978,599.8,419
20.79,25,605.4,419
20.79,24.9975,611.25,419
20.81,25.02,616.4,419
20.865,25.075,621,419
20.8233333333333,25.0333333333333,622.666666666667,419
20.8566666666667,25.0666666666667,624,419
20.84,25.05,623.75,419
20.87,25.16,632.4,433
20.89,25.2,639,433
20.8733333333333,25.275,646,433
20.84,25.1975,649.5,433
20.89,25.272,649.8,433
20.865,25.365,656.75,433
20.84,25.34,660.75,433
20.8733333333333,25.3733333333333,659.333333333333,437.666666666667
20.87,25.37,671.6,440.6
20.84,25.34,673.5,442.5
20.865,25.365,678.25,438
20.89,25.39,681,441
20.89,25.35,683,429
20.89,25.33,689.4,429
20.89,25.34,694.25,429
20.912,25.39,690.4,435
20.945,25.39,697.333333333333,444
20.9725,25.39,710.25,444
20.956,25.39,717.8,444
21,25.39,720.75,444
21,25.412,721.4,444
21,25.39,718,444
21,25.3566666666667,715.5,444
21,25.29,713,447.2
21,25.29,714.8,456.8
21,25.245,714.5,460
21,25.2,711,454.75
21,25.2,705,453
21,25.2,711,451.6
21.025,25.2225,713.5,454.75
21.0833333333333,25.2,719.5,453
21.0666666666667,25.2,727.666666666667,458
21.1166666666667,25.2,728.666666666667,458
21.15,25.2225,731.25,459.25
21.2,25.2283333333333,738.5,454
21.2,25.18,740.2,454
21.2,25.1,735.75,454
21.2,25.14,735,454
21.215,25.215,746.166666666667,456.5
21.2,25.2,762.75,465.25
21.2,25.2,766.2,469
21.2,25.218,763.4,469
21.215,25.2916666666667,773.833333333333,462.333333333333
21.2,25.29,777.75,464
21.2,25.3566666666667,778,462.333333333333
21.2,25.37,778.4,470.2
21.2225,25.34,774.75,475.75
21.236,25.33,774,471
21.29,25.4725,778,480.25
21.29,25.4266666666667,779,487
21.272,25.412,780.6,503.6
21.29,25.575,786.25,509.5
21.29,25.6725,800.75,527.25
21.34,25.79,814,524.5
21.412,25.872,832,529.8
21.5,26,849.25,534
21.5,26.08,860.6,544
21.6,26.15,871,538
21.66,26.216,879.5,553
21.7,26.2675,894,542.5
21.7225,26.2225,905.5,547
21.79,26.39,911.2,559.2
21.81,26.274,919.2,567.8
21.865,26.315,923.5,554
21.89,26.315,931.75,563
21.89,26.315,934.75,564.5
21.945,26.2225,934.75,577.5
22,26.12,939,578.8
22,26.0666666666667,936.666666666667,581.666666666667
22.0857142857143,26.1285714285714,936.428571428571,580
22.1,26.1,936.5,596
22.1,26.1,937.6,594.8
22.14,25.998,937.8,603.4
22.2,26,946,608.25
22.29,25.9633333333333,950.333333333333,606.666666666667
22.29,25.89,937.333333333333,612
22.29,25.8566666666667,943.666666666667,611
22.3233333333333,25.8066666666667,946.166666666667,617
22.39,25.7,944.5,624.75
22.39,25.68,944.4,630.4
22.445,25.65,948,632.5
22.5,25.6666666666667,940.333333333333,652
22.5,25.6,944.333333333333,643.5
22.5666666666667,25.6,942.166666666667,648.666666666667
22.6,25.6,948.666666666667,767
22.6,25.4725,945,1419.5
22.7,25.5,951.75,1697.25
22.7,25.456,958.6,1209.8
22.7225,25.4175,956.25,685.75
22.7675,25.315,952.25,684.75
22.79,25.456,954.6,679.4
22.8233333333333,25.3933333333333,961.666666666667,683
22.89,25.39,961.75,692
22.89,25.39,953.8,693.8
22.9083333333333,25.39,956.333333333333,689
22.9725,25.39,970,693.75
23,25.39,971.25,686.5
23.025,25.4175,986.25,698.25
23.1,25.5,985,694.833333333333
23.1,25.5,997,690
23.2,25.5,1003.8,696.8
23.2,25.5,1004.83333333333,710
23.2,25.5,1011.4,722
23.29,25.6,1022.5,732
23.29,25.6,1029.83333333333,735
23.31,25.6,1031,719.2
23.39,25.6,1040,723.333333333333
23.365,25.6,1040.5,729
23.39,25.6,1042,738
23.456,25.66,1052.4,738
23.5,25.718,1062.8,734.4
23.58,25.736,1067.75,738
23.6,25.89,1072.25,747
23.64,25.954,1095.2,745.2
23.6666666666667,26.0666666666667,1109,746.333333333333
23.7,26.12,1119,737.8
23.718,26.1,1123.4,745
23.79,26.125,1122.5,740.5
23.745,26.2,1123,754
23.79,26.31,1158.2,763
23.79,26.315,1160.25,758.25
23.89,26.39,1166,755.5
23.89,26.365,1164.75,758.25
23.89,26.29,1163.25,772.75
23.9842857142857,26.3757142857143,1172.71428571429,767
24,26.365,1182,774.5
24.05,26.34,1182,774.5
24.08,26.37,1187.6,769.8
24.1,26.5666666666667,1191.33333333333,758.333333333333
24.1,26.4725,1213.75,775.75
24.1,26.154,1194,775
24.1,25.958,1173.4,783.4
24.1,25.918,1160.2,789.6
24.1,25.8925,1156.25,797.5
24.1,25.832,1139,799
24.175,25.84,1140.5,782.5
24.2,25.8916666666667,1145.33333333333,786.166666666667
24.2,25.89,1149.25,794.25
24.2,25.89,1152.5,797.5
24.2,25.89,1153.25,787
24.218,25.912,1152.4,805
24.26,25.8916666666667,1146.16666666667,798
24.29,25.978,1145.4,793
24.29,25.852,1140.8,801.4
24.29,25.7,1150.25,808
24.33,25.736,1129.2,809.8
24.33,25.7,1125.8,817
24.3566666666667,25.7,1123,813
24.4083333333333,25.6816666666667,1124,798